Name,Link
Poke Bowl,https://www.chefkoch.de/rezepte/3475201517766627/Hawaiianische-Poke-Bowl-mal-anders.html
Burrito,
Mango Salad,
Greek Salad,
Falafel mit Tahini Sauce,https://www.chefkoch.de/rezepte/1985171321890621/Falafel-mit-Tahini-Sauce.html
Persische Fladenbrote + Hummus,"https://www.chefkoch.de/rezepte/1220881227513212/Hummus-bi-Tahina.html , https://biancazapatka.com/de/veganes-naan-brot/"
Zucchini Puffer,78�?L:PO.S
Quinoa Bowl,https://www.lecker.de/mediterrane-bowl-mit-quinoa-und-hummus-74097.html
Gnocchi Salat mit Rucola,https://www.lecker.de/gnocchi-salat-mit-rucola-und-getrockneten-tomaten-74398.html
Kartoffel Rote Beete Pfanne,https://www.chefkoch.de/rezepte/3472251517255472/Kartoffel-Rote-Bete-Pfanne.html
Gnocchipfanne mit Zucchini,https://www.chefkoch.de/rezepte/867511192181790/Gnocchi-Zucchini-Pfanne-mit-Schafskaese.html
KÃ¼rbispfanne mit Schupfnudeln,https://www.chefkoch.de/rezepte/1494761254660927/Kuerbispfanne-mit-Schupfnudeln.html
Pilz Risotto,https://www.chefkoch.de/rezepte/3823901582109999/Annes-Pilz-Risotto.html
Bunter Mais Paprika Salat,https://www.chefkoch.de/rezepte/833591188120942/Bunter-Mais-Paprika-Salat.html
Thai Kokossuppe,https://www.chefkoch.de/rezepte/1611671268386645/Thai-Kokos-Suppe.html?utm_source&utm_medium&utm_campaign&utm_term&utm_content
Vegane Marokkanische Bowl,https://www.chefkoch.de/rezepte/3268421485720929/Vegane-Marokkanische-Bowl.html
Gurken Kartoffelsalat,https://www.chefkoch.de/rezepte/1225451227794455/Kartoffel-Gurkensalat-nach-Oma-Luise.html?utm_medium=ck-mag.de
Moussaka,https://www.chefkoch.de/rezepte/1045251209462585/Moussaka.html?utm_source&utm_medium&utm_campaign&utm_term&utm_content
Paprika-Kokos Curry mit Ananas,https://www.chefkoch.de/rezepte/2346961373292816/Paprika-Kokos-Curry-mit-Tofu-und-Ananas.html?utm_source&utm_medium&utm_campaign&utm_term&utm_content
Mango Curry,
Asia Gemuesestrudel,https://www.chefkoch.de/rezepte/1938581315579601/Vegetarischer-Strudel-im-Asiastyle.html?utm_source=chefkoch_magazin&utm_medium=qr_code&utm_campaign=%20ck_mag_2003
Asia Nudelpfanne mit Sojahack,https://www.chefkoch.de/rezepte/2965081448907283/Asia-Nudelpfanne-mit-Sojahack-und-Gemuese.html?message=1000&utm_medium=ck-mag.de#recipe__rating
Bratkartoffeln,https://www.chefkoch.de/rezepte/2420301381997951/Bratkartoffeln-innen-weich-aussen-sehr-knusprig.html?utm_source&utm_medium&utm_campaign&utm_term&utm_content
Kartoffelgyros,https://www.chefkoch.de/rezepte/522771148586593/Kartoffel-Gyros.html?utm_source&utm_medium&utm_campaign&utm_term&utm_content
Scharfer Butternutkuerbis,https://www.chefkoch.de/rezepte/1143421220702285/Scharfer-Butternut-Kuerbis.html?utm_medium=ck-mag.de
Vegetarisches Massaman Curry,https://www.hellofresh.de/recipes/vegetarisches-massaman-curry-5ec5225e3ed35f04120b7926
Couscous Bowl mit Pistazien,https://www.hellofresh.de/recipes/couscous-bowl-mit-pistazien-avocado-5f2ac32ec22fdc3c143a160e
Pakoras mit Ofengemuese,https://www.hellofresh.de/recipes/indische-mohren-pakoras-mit-currydip-5f2ac71334902e00563ae5b0
Japanische Ramensuppe,
Pad Thai,https://plantd.co/vegan-pad-thai-with-peanut-sauce/
Cashew Creme Pasta,https://www.rainbowplantlife.com/blog/what-i-eat-in-a-week
Butternut Squash Lentil Curry,https://www.rainbowplantlife.com/blog/instant-pot-butternut-squash-lentil-curry
Vegane Lasagne,https://biancazapatka.com/de/vegane-lasagne-mit-linsen-und-zucchini/
Quinoa Onepot Chili,https://www.eat-this.org/schnelles-one-pot-quinoa-chili/
Veganes Kartoffelpuffer,https://biancazapatka.com/de/vegane-kartoffelpuffer/
Veganes Lahmacun,https://biancazapatka.com/de/vegane-tuerkische-pizza-lahmacun/
Katsu,https://biancazapatka.com/de/tofu-schnitzel/
Focaccia,https://biancazapatka.com/de/focaccia-mit-tomaten/
Tofu Katsu,https://biancazapatka.com/de/tofu-schnitzel/
Risotto,https://biancazapatka.com/de/cremiges-pilzrisotto/
